--
-- PostgreSQL database dump
--

-- Dumped from database version 14.10 (Homebrew)
-- Dumped by pg_dump version 14.10 (Homebrew)

SET statement_timeout = 0;
SET lock_timeout = 0;
SET idle_in_transaction_session_timeout = 0;
SET client_encoding = 'UTF8';
SET standard_conforming_strings = on;
SELECT pg_catalog.set_config('search_path', '', false);
SET check_function_bodies = false;
SET xmloption = content;
SET client_min_messages = warning;
SET row_security = off;

--
-- Name: btree_gist; Type: EXTENSION; Schema: -; Owner: -
--

CREATE EXTENSION IF NOT EXISTS btree_gist WITH SCHEMA public;


--
-- Name: EXTENSION btree_gist; Type: COMMENT; Schema: -; Owner: 
--

COMMENT ON EXTENSION btree_gist IS 'support for indexing common datatypes in GiST';


SET default_tablespace = '';

SET default_table_access_method = heap;

--
-- Name: Tasks_calendar; Type: TABLE; Schema: public; Owner: admin
--

CREATE TABLE public."Tasks_calendar" (
    id bigint NOT NULL,
    name character varying(100) NOT NULL,
    owner_id bigint NOT NULL,
    "dateCreated" timestamp with time zone NOT NULL,
    "dateModified" timestamp with time zone NOT NULL
);


ALTER TABLE public."Tasks_calendar" OWNER TO admin;

--
-- Name: Tasks_calendar2user; Type: TABLE; Schema: public; Owner: admin
--

CREATE TABLE public."Tasks_calendar2user" (
    id bigint NOT NULL,
    permissions character varying(10) NOT NULL,
    calendar_id bigint NOT NULL,
    user_id bigint NOT NULL
);


ALTER TABLE public."Tasks_calendar2user" OWNER TO admin;

--
-- Name: Tasks_calendar2user_id_seq; Type: SEQUENCE; Schema: public; Owner: admin
--

ALTER TABLE public."Tasks_calendar2user" ALTER COLUMN id ADD GENERATED BY DEFAULT AS IDENTITY (
    SEQUENCE NAME public."Tasks_calendar2user_id_seq"
    START WITH 1
    INCREMENT BY 1
    NO MINVALUE
    NO MAXVALUE
    CACHE 1
);


--
-- Name: Tasks_calendar_id_seq; Type: SEQUENCE; Schema: public; Owner: admin
--

ALTER TABLE public."Tasks_calendar" ALTER COLUMN id ADD GENERATED BY DEFAULT AS IDENTITY (
    SEQUENCE NAME public."Tasks_calendar_id_seq"
    START WITH 1
    INCREMENT BY 1
    NO MINVALUE
    NO MAXVALUE
    CACHE 1
);


--
-- Name: Tasks_task; Type: TABLE; Schema: public; Owner: admin
--

CREATE TABLE public."Tasks_task" (
    id bigint NOT NULL,
    name character varying(100) NOT NULL,
    "dateCreated" timestamp with time zone NOT NULL,
    "dueDate" date NOT NULL,
    "dueTime" time without time zone NOT NULL,
    duration interval NOT NULL,
    "startDate" date,
    "startTime" time without time zone,
    "eventTypeID" integer,
    properties jsonb,
    "calendarID_id" bigint NOT NULL,
    "scheduledDateTime" tstzrange
);


ALTER TABLE public."Tasks_task" OWNER TO admin;

--
-- Name: Tasks_task_id_seq; Type: SEQUENCE; Schema: public; Owner: admin
--

ALTER TABLE public."Tasks_task" ALTER COLUMN id ADD GENERATED BY DEFAULT AS IDENTITY (
    SEQUENCE NAME public."Tasks_task_id_seq"
    START WITH 1
    INCREMENT BY 1
    NO MINVALUE
    NO MAXVALUE
    CACHE 1
);


--
-- Name: Users_user; Type: TABLE; Schema: public; Owner: admin
--

CREATE TABLE public."Users_user" (
    id bigint NOT NULL,
    password character varying(128) NOT NULL,
    last_login timestamp with time zone,
    is_superuser boolean NOT NULL,
    email character varying(60) NOT NULL,
    is_staff boolean NOT NULL
);


ALTER TABLE public."Users_user" OWNER TO admin;

--
-- Name: Users_user_groups; Type: TABLE; Schema: public; Owner: admin
--

CREATE TABLE public."Users_user_groups" (
    id bigint NOT NULL,
    user_id bigint NOT NULL,
    group_id integer NOT NULL
);


ALTER TABLE public."Users_user_groups" OWNER TO admin;

--
-- Name: Users_user_groups_id_seq; Type: SEQUENCE; Schema: public; Owner: admin
--

ALTER TABLE public."Users_user_groups" ALTER COLUMN id ADD GENERATED BY DEFAULT AS IDENTITY (
    SEQUENCE NAME public."Users_user_groups_id_seq"
    START WITH 1
    INCREMENT BY 1
    NO MINVALUE
    NO MAXVALUE
    CACHE 1
);


--
-- Name: Users_user_id_seq; Type: SEQUENCE; Schema: public; Owner: admin
--

ALTER TABLE public."Users_user" ALTER COLUMN id ADD GENERATED BY DEFAULT AS IDENTITY (
    SEQUENCE NAME public."Users_user_id_seq"
    START WITH 1
    INCREMENT BY 1
    NO MINVALUE
    NO MAXVALUE
    CACHE 1
);


--
-- Name: Users_user_user_permissions; Type: TABLE; Schema: public; Owner: admin
--

CREATE TABLE public."Users_user_user_permissions" (
    id bigint NOT NULL,
    user_id bigint NOT NULL,
    permission_id integer NOT NULL
);


ALTER TABLE public."Users_user_user_permissions" OWNER TO admin;

--
-- Name: Users_user_user_permissions_id_seq; Type: SEQUENCE; Schema: public; Owner: admin
--

ALTER TABLE public."Users_user_user_permissions" ALTER COLUMN id ADD GENERATED BY DEFAULT AS IDENTITY (
    SEQUENCE NAME public."Users_user_user_permissions_id_seq"
    START WITH 1
    INCREMENT BY 1
    NO MINVALUE
    NO MAXVALUE
    CACHE 1
);


--
-- Name: auth_group; Type: TABLE; Schema: public; Owner: admin
--

CREATE TABLE public.auth_group (
    id integer NOT NULL,
    name character varying(150) NOT NULL
);


ALTER TABLE public.auth_group OWNER TO admin;

--
-- Name: auth_group_id_seq; Type: SEQUENCE; Schema: public; Owner: admin
--

ALTER TABLE public.auth_group ALTER COLUMN id ADD GENERATED BY DEFAULT AS IDENTITY (
    SEQUENCE NAME public.auth_group_id_seq
    START WITH 1
    INCREMENT BY 1
    NO MINVALUE
    NO MAXVALUE
    CACHE 1
);


--
-- Name: auth_group_permissions; Type: TABLE; Schema: public; Owner: admin
--

CREATE TABLE public.auth_group_permissions (
    id bigint NOT NULL,
    group_id integer NOT NULL,
    permission_id integer NOT NULL
);


ALTER TABLE public.auth_group_permissions OWNER TO admin;

--
-- Name: auth_group_permissions_id_seq; Type: SEQUENCE; Schema: public; Owner: admin
--

ALTER TABLE public.auth_group_permissions ALTER COLUMN id ADD GENERATED BY DEFAULT AS IDENTITY (
    SEQUENCE NAME public.auth_group_permissions_id_seq
    START WITH 1
    INCREMENT BY 1
    NO MINVALUE
    NO MAXVALUE
    CACHE 1
);


--
-- Name: auth_permission; Type: TABLE; Schema: public; Owner: admin
--

CREATE TABLE public.auth_permission (
    id integer NOT NULL,
    name character varying(255) NOT NULL,
    content_type_id integer NOT NULL,
    codename character varying(100) NOT NULL
);


ALTER TABLE public.auth_permission OWNER TO admin;

--
-- Name: auth_permission_id_seq; Type: SEQUENCE; Schema: public; Owner: admin
--

ALTER TABLE public.auth_permission ALTER COLUMN id ADD GENERATED BY DEFAULT AS IDENTITY (
    SEQUENCE NAME public.auth_permission_id_seq
    START WITH 1
    INCREMENT BY 1
    NO MINVALUE
    NO MAXVALUE
    CACHE 1
);


--
-- Name: django_admin_log; Type: TABLE; Schema: public; Owner: admin
--

CREATE TABLE public.django_admin_log (
    id integer NOT NULL,
    action_time timestamp with time zone NOT NULL,
    object_id text,
    object_repr character varying(200) NOT NULL,
    action_flag smallint NOT NULL,
    change_message text NOT NULL,
    content_type_id integer,
    user_id bigint NOT NULL,
    CONSTRAINT django_admin_log_action_flag_check CHECK ((action_flag >= 0))
);


ALTER TABLE public.django_admin_log OWNER TO admin;

--
-- Name: django_admin_log_id_seq; Type: SEQUENCE; Schema: public; Owner: admin
--

ALTER TABLE public.django_admin_log ALTER COLUMN id ADD GENERATED BY DEFAULT AS IDENTITY (
    SEQUENCE NAME public.django_admin_log_id_seq
    START WITH 1
    INCREMENT BY 1
    NO MINVALUE
    NO MAXVALUE
    CACHE 1
);


--
-- Name: django_content_type; Type: TABLE; Schema: public; Owner: admin
--

CREATE TABLE public.django_content_type (
    id integer NOT NULL,
    app_label character varying(100) NOT NULL,
    model character varying(100) NOT NULL
);


ALTER TABLE public.django_content_type OWNER TO admin;

--
-- Name: django_content_type_id_seq; Type: SEQUENCE; Schema: public; Owner: admin
--

ALTER TABLE public.django_content_type ALTER COLUMN id ADD GENERATED BY DEFAULT AS IDENTITY (
    SEQUENCE NAME public.django_content_type_id_seq
    START WITH 1
    INCREMENT BY 1
    NO MINVALUE
    NO MAXVALUE
    CACHE 1
);


--
-- Name: django_migrations; Type: TABLE; Schema: public; Owner: admin
--

CREATE TABLE public.django_migrations (
    id bigint NOT NULL,
    app character varying(255) NOT NULL,
    name character varying(255) NOT NULL,
    applied timestamp with time zone NOT NULL
);


ALTER TABLE public.django_migrations OWNER TO admin;

--
-- Name: django_migrations_id_seq; Type: SEQUENCE; Schema: public; Owner: admin
--

ALTER TABLE public.django_migrations ALTER COLUMN id ADD GENERATED BY DEFAULT AS IDENTITY (
    SEQUENCE NAME public.django_migrations_id_seq
    START WITH 1
    INCREMENT BY 1
    NO MINVALUE
    NO MAXVALUE
    CACHE 1
);


--
-- Name: django_session; Type: TABLE; Schema: public; Owner: admin
--

CREATE TABLE public.django_session (
    session_key character varying(40) NOT NULL,
    session_data text NOT NULL,
    expire_date timestamp with time zone NOT NULL
);


ALTER TABLE public.django_session OWNER TO admin;

--
-- Data for Name: Tasks_calendar; Type: TABLE DATA; Schema: public; Owner: admin
--

COPY public."Tasks_calendar" (id, name, owner_id, "dateCreated", "dateModified") FROM stdin;
2	Calendar 2	2	2024-02-04 00:18:20.540819-05	2024-02-04 00:24:54.610242-05
1	Calendar 1	2	2024-02-04 00:16:49.092154-05	2024-02-04 00:24:59.271276-05
6	3	2	2024-02-04 14:20:20.304205-05	2024-02-04 14:20:20.304242-05
7	new User Calendar	4	2024-02-04 16:22:12.815309-05	2024-02-04 16:22:12.815337-05
\.


--
-- Data for Name: Tasks_calendar2user; Type: TABLE DATA; Schema: public; Owner: admin
--

COPY public."Tasks_calendar2user" (id, permissions, calendar_id, user_id) FROM stdin;
\.


--
-- Data for Name: Tasks_task; Type: TABLE DATA; Schema: public; Owner: admin
--

COPY public."Tasks_task" (id, name, "dateCreated", "dueDate", "dueTime", duration, "startDate", "startTime", "eventTypeID", properties, "calendarID_id", "scheduledDateTime") FROM stdin;
8	asf	2024-02-01 22:29:43.820616-05	2024-02-22	22:32:00	03:00:00	\N	\N	\N	\N	1	\N
4	Task 4 modified	2024-01-28 17:05:33.81659-05	2024-01-27	23:59:59	01:15:00	\N	\N	\N	\N	1	\N
6	HiASDFAFS	2024-02-01 01:57:38.64308-05	2024-02-16	05:57:00	01:00:00	\N	\N	\N	\N	1	\N
2	Task 2 Modified	2024-01-21 16:34:40.86-05	2024-01-25	10:00:00	00:30:00	2024-02-04	00:15:00	\N	\N	1	["2024-02-03 19:15:00-05","2024-02-03 19:45:00-05")
11	NEw	2024-02-04 04:37:20.498122-05	2024-02-04	08:37:00	02:00:00	2024-02-04	00:15:00	\N	\N	2	["2024-02-03 19:15:00-05","2024-02-03 21:15:00-05")
1	Task 1 hello?	2024-01-21 15:59:13.933-05	2024-01-25	23:59:59	07:30:00	\N	\N	\N	\N	1	\N
5	Hi	2024-02-01 01:38:38.456934-05	2024-02-08	04:38:00	03:00:00	2024-02-20	18:00:00	\N	\N	1	["2024-02-20 13:00:00-05","2024-02-20 16:00:00-05")
\.


--
-- Data for Name: Users_user; Type: TABLE DATA; Schema: public; Owner: admin
--

COPY public."Users_user" (id, password, last_login, is_superuser, email, is_staff) FROM stdin;
4	pbkdf2_sha256$720000$GIzppCmyUvMKS0MfN38cQg$9UfDz3IInjY6kilS7BT0a0Wh4EFJXP0gTWGJfsApT/M=	\N	f	newuser@gmail.com	f
5	pbkdf2_sha256$720000$khdqDE6KOGxTp7xsz7bsJx$9f5ij6E7Z5HGmlfmMHUY4Zbgs7nLPoWQfiBAvwmI+90=	\N	f	newuser2@gmail.com	f
2	pbkdf2_sha256$720000$HWzDoGaQX9QJ7WJhcJTi6F$fQa6B2h/YcCvqxhv9NCjyndC16JC1kiuVvFXGwcfZFU=	2024-02-04 00:17:02.146041-05	t	test@test.com	t
\.


--
-- Data for Name: Users_user_groups; Type: TABLE DATA; Schema: public; Owner: admin
--

COPY public."Users_user_groups" (id, user_id, group_id) FROM stdin;
\.


--
-- Data for Name: Users_user_user_permissions; Type: TABLE DATA; Schema: public; Owner: admin
--

COPY public."Users_user_user_permissions" (id, user_id, permission_id) FROM stdin;
\.


--
-- Data for Name: auth_group; Type: TABLE DATA; Schema: public; Owner: admin
--

COPY public.auth_group (id, name) FROM stdin;
\.


--
-- Data for Name: auth_group_permissions; Type: TABLE DATA; Schema: public; Owner: admin
--

COPY public.auth_group_permissions (id, group_id, permission_id) FROM stdin;
\.


--
-- Data for Name: auth_permission; Type: TABLE DATA; Schema: public; Owner: admin
--

COPY public.auth_permission (id, name, content_type_id, codename) FROM stdin;
1	Can add log entry	1	add_logentry
2	Can change log entry	1	change_logentry
3	Can delete log entry	1	delete_logentry
4	Can view log entry	1	view_logentry
5	Can add permission	2	add_permission
6	Can change permission	2	change_permission
7	Can delete permission	2	delete_permission
8	Can view permission	2	view_permission
9	Can add group	3	add_group
10	Can change group	3	change_group
11	Can delete group	3	delete_group
12	Can view group	3	view_group
13	Can add content type	4	add_contenttype
14	Can change content type	4	change_contenttype
15	Can delete content type	4	delete_contenttype
16	Can view content type	4	view_contenttype
17	Can add session	5	add_session
18	Can change session	5	change_session
19	Can delete session	5	delete_session
20	Can view session	5	view_session
21	Can add calendar	6	add_calendar
22	Can change calendar	6	change_calendar
23	Can delete calendar	6	delete_calendar
24	Can view calendar	6	view_calendar
25	Can add calendar2 user	7	add_calendar2user
26	Can change calendar2 user	7	change_calendar2user
27	Can delete calendar2 user	7	delete_calendar2user
28	Can view calendar2 user	7	view_calendar2user
29	Can add task	8	add_task
30	Can change task	8	change_task
31	Can delete task	8	delete_task
32	Can view task	8	view_task
33	Can add user	9	add_user
34	Can change user	9	change_user
35	Can delete user	9	delete_user
36	Can view user	9	view_user
\.


--
-- Data for Name: django_admin_log; Type: TABLE DATA; Schema: public; Owner: admin
--

COPY public.django_admin_log (id, action_time, object_id, object_repr, action_flag, change_message, content_type_id, user_id) FROM stdin;
1	2024-01-21 15:35:41.984-05	1	jessicaxu0605@gmail.com	3		9	2
24	2024-02-04 00:18:20.545421-05	2	Calendar object (2)	1	[{"added": {}}]	6	2
25	2024-02-04 00:24:54.612014-05	2	Calendar object (2)	2	[]	6	2
26	2024-02-04 00:24:59.273796-05	1	Calendar object (1)	2	[]	6	2
27	2024-02-04 04:39:36.815303-05	11	Task object (11)	2	[]	8	2
28	2024-02-04 04:45:46.123801-05	4	Calendar object (4)	3		6	2
29	2024-02-04 04:45:46.126284-05	3	Calendar object (3)	3		6	2
30	2024-02-04 14:15:08.707057-05	5	Calendar object (5)	3		6	2
\.


--
-- Data for Name: django_content_type; Type: TABLE DATA; Schema: public; Owner: admin
--

COPY public.django_content_type (id, app_label, model) FROM stdin;
1	admin	logentry
2	auth	permission
3	auth	group
4	contenttypes	contenttype
5	sessions	session
6	Tasks	calendar
7	Tasks	calendar2user
8	Tasks	task
9	Users	user
\.


--
-- Data for Name: django_migrations; Type: TABLE DATA; Schema: public; Owner: admin
--

COPY public.django_migrations (id, app, name, applied) FROM stdin;
1	contenttypes	0001_initial	2024-01-26 01:21:20.292031-05
2	contenttypes	0002_remove_content_type_name	2024-01-26 01:21:20.296835-05
3	auth	0001_initial	2024-01-26 01:21:20.31858-05
4	auth	0002_alter_permission_name_max_length	2024-01-26 01:21:20.321536-05
5	auth	0003_alter_user_email_max_length	2024-01-26 01:21:20.324426-05
6	auth	0004_alter_user_username_opts	2024-01-26 01:21:20.326479-05
7	auth	0005_alter_user_last_login_null	2024-01-26 01:21:20.328508-05
8	auth	0006_require_contenttypes_0002	2024-01-26 01:21:20.329104-05
9	auth	0007_alter_validators_add_error_messages	2024-01-26 01:21:20.330956-05
10	auth	0008_alter_user_username_max_length	2024-01-26 01:21:20.332802-05
11	auth	0009_alter_user_last_name_max_length	2024-01-26 01:21:20.334608-05
12	auth	0010_alter_group_name_max_length	2024-01-26 01:21:20.338604-05
13	auth	0011_update_proxy_permissions	2024-01-26 01:21:20.340459-05
14	auth	0012_alter_user_first_name_max_length	2024-01-26 01:21:20.342335-05
15	Users	0001_initial	2024-01-26 01:21:20.364006-05
16	Tasks	0001_initial	2024-01-26 01:21:20.372924-05
17	Tasks	0002_initial	2024-01-26 01:21:20.393394-05
18	Users	0002_user_is_staff	2024-01-26 01:21:20.398339-05
19	admin	0001_initial	2024-01-26 01:21:20.412297-05
20	admin	0002_logentry_remove_auto_add	2024-01-26 01:21:20.41567-05
21	admin	0003_logentry_add_action_flag_choices	2024-01-26 01:21:20.419065-05
22	sessions	0001_initial	2024-01-26 01:21:20.428075-05
23	Tasks	0002_task_scheduleddatetime_and_more	2024-01-30 22:10:20.017028-05
24	Tasks	0003_remove_task_endtime	2024-02-02 19:56:44.925546-05
25	Tasks	0004_calendar_datecreated_calendar_datemodified	2024-02-04 00:16:49.102725-05
\.


--
-- Data for Name: django_session; Type: TABLE DATA; Schema: public; Owner: admin
--

COPY public.django_session (session_key, session_data, expire_date) FROM stdin;
fx568juveaq7sw3p2862zbiwimjv2gi0	.eJxVjEEOwiAQRe_C2hCgQMGle89AZoZBqoYmpV0Z765NutDtf-_9l0iwrTVtnZc0ZXEWRpx-NwR6cNtBvkO7zZLmti4Tyl2RB-3yOmd-Xg7376BCr98atTKWzZiVLo6ZDFFxQ9TMI2hti_ZeYaGAUABKiDY753OIKgxGRQTx_gD3hzhY:1rReXM:RY7-gVz-pzy2W8Fm6vIakUlLNEA1BBBnGMlCa_4T0S0	2024-02-04 15:35:24.769-05
73jinn37s2flmg1bsqcfkcwjjg1nkrrj	.eJxVjEEOwiAQRe_C2hCgQMGle89AZoZBqoYmpV0Z765NutDtf-_9l0iwrTVtnZc0ZXEWRpx-NwR6cNtBvkO7zZLmti4Tyl2RB-3yOmd-Xg7376BCr98atTKWzZiVLo6ZDFFxQ9TMI2hti_ZeYaGAUABKiDY753OIKgxGRQTx_gD3hzhY:1rWUsI:6k_JhShE6TRkRzKGjxEVYCq-6mcJ3-_Gc6NWI0NQDb8	2024-02-18 00:17:02.148648-05
\.


--
-- Name: Tasks_calendar2user_id_seq; Type: SEQUENCE SET; Schema: public; Owner: admin
--

SELECT pg_catalog.setval('public."Tasks_calendar2user_id_seq"', 1, false);


--
-- Name: Tasks_calendar_id_seq; Type: SEQUENCE SET; Schema: public; Owner: admin
--

SELECT pg_catalog.setval('public."Tasks_calendar_id_seq"', 7, true);


--
-- Name: Tasks_task_id_seq; Type: SEQUENCE SET; Schema: public; Owner: admin
--

SELECT pg_catalog.setval('public."Tasks_task_id_seq"', 11, true);


--
-- Name: Users_user_groups_id_seq; Type: SEQUENCE SET; Schema: public; Owner: admin
--

SELECT pg_catalog.setval('public."Users_user_groups_id_seq"', 1, false);


--
-- Name: Users_user_id_seq; Type: SEQUENCE SET; Schema: public; Owner: admin
--

SELECT pg_catalog.setval('public."Users_user_id_seq"', 5, true);


--
-- Name: Users_user_user_permissions_id_seq; Type: SEQUENCE SET; Schema: public; Owner: admin
--

SELECT pg_catalog.setval('public."Users_user_user_permissions_id_seq"', 1, false);


--
-- Name: auth_group_id_seq; Type: SEQUENCE SET; Schema: public; Owner: admin
--

SELECT pg_catalog.setval('public.auth_group_id_seq', 1, false);


--
-- Name: auth_group_permissions_id_seq; Type: SEQUENCE SET; Schema: public; Owner: admin
--

SELECT pg_catalog.setval('public.auth_group_permissions_id_seq', 1, false);


--
-- Name: auth_permission_id_seq; Type: SEQUENCE SET; Schema: public; Owner: admin
--

SELECT pg_catalog.setval('public.auth_permission_id_seq', 36, true);


--
-- Name: django_admin_log_id_seq; Type: SEQUENCE SET; Schema: public; Owner: admin
--

SELECT pg_catalog.setval('public.django_admin_log_id_seq', 30, true);


--
-- Name: django_content_type_id_seq; Type: SEQUENCE SET; Schema: public; Owner: admin
--

SELECT pg_catalog.setval('public.django_content_type_id_seq', 9, true);


--
-- Name: django_migrations_id_seq; Type: SEQUENCE SET; Schema: public; Owner: admin
--

SELECT pg_catalog.setval('public.django_migrations_id_seq', 25, true);


--
-- Name: Tasks_calendar2user Tasks_calendar2user_pkey; Type: CONSTRAINT; Schema: public; Owner: admin
--

ALTER TABLE ONLY public."Tasks_calendar2user"
    ADD CONSTRAINT "Tasks_calendar2user_pkey" PRIMARY KEY (id);


--
-- Name: Tasks_calendar Tasks_calendar_pkey; Type: CONSTRAINT; Schema: public; Owner: admin
--

ALTER TABLE ONLY public."Tasks_calendar"
    ADD CONSTRAINT "Tasks_calendar_pkey" PRIMARY KEY (id);


--
-- Name: Tasks_task Tasks_task_pkey; Type: CONSTRAINT; Schema: public; Owner: admin
--

ALTER TABLE ONLY public."Tasks_task"
    ADD CONSTRAINT "Tasks_task_pkey" PRIMARY KEY (id);


--
-- Name: Users_user Users_user_email_key; Type: CONSTRAINT; Schema: public; Owner: admin
--

ALTER TABLE ONLY public."Users_user"
    ADD CONSTRAINT "Users_user_email_key" UNIQUE (email);


--
-- Name: Users_user_groups Users_user_groups_pkey; Type: CONSTRAINT; Schema: public; Owner: admin
--

ALTER TABLE ONLY public."Users_user_groups"
    ADD CONSTRAINT "Users_user_groups_pkey" PRIMARY KEY (id);


--
-- Name: Users_user_groups Users_user_groups_user_id_group_id_21477a3e_uniq; Type: CONSTRAINT; Schema: public; Owner: admin
--

ALTER TABLE ONLY public."Users_user_groups"
    ADD CONSTRAINT "Users_user_groups_user_id_group_id_21477a3e_uniq" UNIQUE (user_id, group_id);


--
-- Name: Users_user Users_user_pkey; Type: CONSTRAINT; Schema: public; Owner: admin
--

ALTER TABLE ONLY public."Users_user"
    ADD CONSTRAINT "Users_user_pkey" PRIMARY KEY (id);


--
-- Name: Users_user_user_permissions Users_user_user_permissions_pkey; Type: CONSTRAINT; Schema: public; Owner: admin
--

ALTER TABLE ONLY public."Users_user_user_permissions"
    ADD CONSTRAINT "Users_user_user_permissions_pkey" PRIMARY KEY (id);


--
-- Name: Users_user_user_permissions Users_user_user_permissions_user_id_permission_id_87c10865_uniq; Type: CONSTRAINT; Schema: public; Owner: admin
--

ALTER TABLE ONLY public."Users_user_user_permissions"
    ADD CONSTRAINT "Users_user_user_permissions_user_id_permission_id_87c10865_uniq" UNIQUE (user_id, permission_id);


--
-- Name: auth_group auth_group_name_key; Type: CONSTRAINT; Schema: public; Owner: admin
--

ALTER TABLE ONLY public.auth_group
    ADD CONSTRAINT auth_group_name_key UNIQUE (name);


--
-- Name: auth_group_permissions auth_group_permissions_group_id_permission_id_0cd325b0_uniq; Type: CONSTRAINT; Schema: public; Owner: admin
--

ALTER TABLE ONLY public.auth_group_permissions
    ADD CONSTRAINT auth_group_permissions_group_id_permission_id_0cd325b0_uniq UNIQUE (group_id, permission_id);


--
-- Name: auth_group_permissions auth_group_permissions_pkey; Type: CONSTRAINT; Schema: public; Owner: admin
--

ALTER TABLE ONLY public.auth_group_permissions
    ADD CONSTRAINT auth_group_permissions_pkey PRIMARY KEY (id);


--
-- Name: auth_group auth_group_pkey; Type: CONSTRAINT; Schema: public; Owner: admin
--

ALTER TABLE ONLY public.auth_group
    ADD CONSTRAINT auth_group_pkey PRIMARY KEY (id);


--
-- Name: auth_permission auth_permission_content_type_id_codename_01ab375a_uniq; Type: CONSTRAINT; Schema: public; Owner: admin
--

ALTER TABLE ONLY public.auth_permission
    ADD CONSTRAINT auth_permission_content_type_id_codename_01ab375a_uniq UNIQUE (content_type_id, codename);


--
-- Name: auth_permission auth_permission_pkey; Type: CONSTRAINT; Schema: public; Owner: admin
--

ALTER TABLE ONLY public.auth_permission
    ADD CONSTRAINT auth_permission_pkey PRIMARY KEY (id);


--
-- Name: django_admin_log django_admin_log_pkey; Type: CONSTRAINT; Schema: public; Owner: admin
--

ALTER TABLE ONLY public.django_admin_log
    ADD CONSTRAINT django_admin_log_pkey PRIMARY KEY (id);


--
-- Name: django_content_type django_content_type_app_label_model_76bd3d3b_uniq; Type: CONSTRAINT; Schema: public; Owner: admin
--

ALTER TABLE ONLY public.django_content_type
    ADD CONSTRAINT django_content_type_app_label_model_76bd3d3b_uniq UNIQUE (app_label, model);


--
-- Name: django_content_type django_content_type_pkey; Type: CONSTRAINT; Schema: public; Owner: admin
--

ALTER TABLE ONLY public.django_content_type
    ADD CONSTRAINT django_content_type_pkey PRIMARY KEY (id);


--
-- Name: django_migrations django_migrations_pkey; Type: CONSTRAINT; Schema: public; Owner: admin
--

ALTER TABLE ONLY public.django_migrations
    ADD CONSTRAINT django_migrations_pkey PRIMARY KEY (id);


--
-- Name: django_session django_session_pkey; Type: CONSTRAINT; Schema: public; Owner: admin
--

ALTER TABLE ONLY public.django_session
    ADD CONSTRAINT django_session_pkey PRIMARY KEY (session_key);


--
-- Name: Tasks_task exclude_overlapping_tasks; Type: CONSTRAINT; Schema: public; Owner: admin
--

ALTER TABLE ONLY public."Tasks_task"
    ADD CONSTRAINT exclude_overlapping_tasks EXCLUDE USING gist ("scheduledDateTime" WITH &&, "calendarID_id" WITH =);


--
-- Name: Tasks_calendar2user_calendar_id_6d81b19e; Type: INDEX; Schema: public; Owner: admin
--

CREATE INDEX "Tasks_calendar2user_calendar_id_6d81b19e" ON public."Tasks_calendar2user" USING btree (calendar_id);


--
-- Name: Tasks_calendar2user_user_id_a61cb19d; Type: INDEX; Schema: public; Owner: admin
--

CREATE INDEX "Tasks_calendar2user_user_id_a61cb19d" ON public."Tasks_calendar2user" USING btree (user_id);


--
-- Name: Tasks_calendar_owner_id_03db6686; Type: INDEX; Schema: public; Owner: admin
--

CREATE INDEX "Tasks_calendar_owner_id_03db6686" ON public."Tasks_calendar" USING btree (owner_id);


--
-- Name: Tasks_task_calendarID_id_6b8da32f; Type: INDEX; Schema: public; Owner: admin
--

CREATE INDEX "Tasks_task_calendarID_id_6b8da32f" ON public."Tasks_task" USING btree ("calendarID_id");


--
-- Name: Users_user_email_3445d80e_like; Type: INDEX; Schema: public; Owner: admin
--

CREATE INDEX "Users_user_email_3445d80e_like" ON public."Users_user" USING btree (email varchar_pattern_ops);


--
-- Name: Users_user_groups_group_id_884146f8; Type: INDEX; Schema: public; Owner: admin
--

CREATE INDEX "Users_user_groups_group_id_884146f8" ON public."Users_user_groups" USING btree (group_id);


--
-- Name: Users_user_groups_user_id_e0963e48; Type: INDEX; Schema: public; Owner: admin
--

CREATE INDEX "Users_user_groups_user_id_e0963e48" ON public."Users_user_groups" USING btree (user_id);


--
-- Name: Users_user_user_permissions_permission_id_cfe39496; Type: INDEX; Schema: public; Owner: admin
--

CREATE INDEX "Users_user_user_permissions_permission_id_cfe39496" ON public."Users_user_user_permissions" USING btree (permission_id);


--
-- Name: Users_user_user_permissions_user_id_ffe2deb0; Type: INDEX; Schema: public; Owner: admin
--

CREATE INDEX "Users_user_user_permissions_user_id_ffe2deb0" ON public."Users_user_user_permissions" USING btree (user_id);


--
-- Name: auth_group_name_a6ea08ec_like; Type: INDEX; Schema: public; Owner: admin
--

CREATE INDEX auth_group_name_a6ea08ec_like ON public.auth_group USING btree (name varchar_pattern_ops);


--
-- Name: auth_group_permissions_group_id_b120cbf9; Type: INDEX; Schema: public; Owner: admin
--

CREATE INDEX auth_group_permissions_group_id_b120cbf9 ON public.auth_group_permissions USING btree (group_id);


--
-- Name: auth_group_permissions_permission_id_84c5c92e; Type: INDEX; Schema: public; Owner: admin
--

CREATE INDEX auth_group_permissions_permission_id_84c5c92e ON public.auth_group_permissions USING btree (permission_id);


--
-- Name: auth_permission_content_type_id_2f476e4b; Type: INDEX; Schema: public; Owner: admin
--

CREATE INDEX auth_permission_content_type_id_2f476e4b ON public.auth_permission USING btree (content_type_id);


--
-- Name: django_admin_log_content_type_id_c4bce8eb; Type: INDEX; Schema: public; Owner: admin
--

CREATE INDEX django_admin_log_content_type_id_c4bce8eb ON public.django_admin_log USING btree (content_type_id);


--
-- Name: django_admin_log_user_id_c564eba6; Type: INDEX; Schema: public; Owner: admin
--

CREATE INDEX django_admin_log_user_id_c564eba6 ON public.django_admin_log USING btree (user_id);


--
-- Name: django_session_expire_date_a5c62663; Type: INDEX; Schema: public; Owner: admin
--

CREATE INDEX django_session_expire_date_a5c62663 ON public.django_session USING btree (expire_date);


--
-- Name: django_session_session_key_c0390e0f_like; Type: INDEX; Schema: public; Owner: admin
--

CREATE INDEX django_session_session_key_c0390e0f_like ON public.django_session USING btree (session_key varchar_pattern_ops);


--
-- Name: Tasks_calendar2user Tasks_calendar2user_calendar_id_6d81b19e_fk_Tasks_calendar_id; Type: FK CONSTRAINT; Schema: public; Owner: admin
--

ALTER TABLE ONLY public."Tasks_calendar2user"
    ADD CONSTRAINT "Tasks_calendar2user_calendar_id_6d81b19e_fk_Tasks_calendar_id" FOREIGN KEY (calendar_id) REFERENCES public."Tasks_calendar"(id) DEFERRABLE INITIALLY DEFERRED;


--
-- Name: Tasks_calendar2user Tasks_calendar2user_user_id_a61cb19d_fk_Users_user_id; Type: FK CONSTRAINT; Schema: public; Owner: admin
--

ALTER TABLE ONLY public."Tasks_calendar2user"
    ADD CONSTRAINT "Tasks_calendar2user_user_id_a61cb19d_fk_Users_user_id" FOREIGN KEY (user_id) REFERENCES public."Users_user"(id) DEFERRABLE INITIALLY DEFERRED;


--
-- Name: Tasks_calendar Tasks_calendar_owner_id_03db6686_fk_Users_user_id; Type: FK CONSTRAINT; Schema: public; Owner: admin
--

ALTER TABLE ONLY public."Tasks_calendar"
    ADD CONSTRAINT "Tasks_calendar_owner_id_03db6686_fk_Users_user_id" FOREIGN KEY (owner_id) REFERENCES public."Users_user"(id) DEFERRABLE INITIALLY DEFERRED;


--
-- Name: Tasks_task Tasks_task_calendarID_id_6b8da32f_fk_Tasks_calendar_id; Type: FK CONSTRAINT; Schema: public; Owner: admin
--

ALTER TABLE ONLY public."Tasks_task"
    ADD CONSTRAINT "Tasks_task_calendarID_id_6b8da32f_fk_Tasks_calendar_id" FOREIGN KEY ("calendarID_id") REFERENCES public."Tasks_calendar"(id) DEFERRABLE INITIALLY DEFERRED;


--
-- Name: Users_user_groups Users_user_groups_group_id_884146f8_fk_auth_group_id; Type: FK CONSTRAINT; Schema: public; Owner: admin
--

ALTER TABLE ONLY public."Users_user_groups"
    ADD CONSTRAINT "Users_user_groups_group_id_884146f8_fk_auth_group_id" FOREIGN KEY (group_id) REFERENCES public.auth_group(id) DEFERRABLE INITIALLY DEFERRED;


--
-- Name: Users_user_groups Users_user_groups_user_id_e0963e48_fk_Users_user_id; Type: FK CONSTRAINT; Schema: public; Owner: admin
--

ALTER TABLE ONLY public."Users_user_groups"
    ADD CONSTRAINT "Users_user_groups_user_id_e0963e48_fk_Users_user_id" FOREIGN KEY (user_id) REFERENCES public."Users_user"(id) DEFERRABLE INITIALLY DEFERRED;


--
-- Name: Users_user_user_permissions Users_user_user_perm_permission_id_cfe39496_fk_auth_perm; Type: FK CONSTRAINT; Schema: public; Owner: admin
--

ALTER TABLE ONLY public."Users_user_user_permissions"
    ADD CONSTRAINT "Users_user_user_perm_permission_id_cfe39496_fk_auth_perm" FOREIGN KEY (permission_id) REFERENCES public.auth_permission(id) DEFERRABLE INITIALLY DEFERRED;


--
-- Name: Users_user_user_permissions Users_user_user_permissions_user_id_ffe2deb0_fk_Users_user_id; Type: FK CONSTRAINT; Schema: public; Owner: admin
--

ALTER TABLE ONLY public."Users_user_user_permissions"
    ADD CONSTRAINT "Users_user_user_permissions_user_id_ffe2deb0_fk_Users_user_id" FOREIGN KEY (user_id) REFERENCES public."Users_user"(id) DEFERRABLE INITIALLY DEFERRED;


--
-- Name: auth_group_permissions auth_group_permissio_permission_id_84c5c92e_fk_auth_perm; Type: FK CONSTRAINT; Schema: public; Owner: admin
--

ALTER TABLE ONLY public.auth_group_permissions
    ADD CONSTRAINT auth_group_permissio_permission_id_84c5c92e_fk_auth_perm FOREIGN KEY (permission_id) REFERENCES public.auth_permission(id) DEFERRABLE INITIALLY DEFERRED;


--
-- Name: auth_group_permissions auth_group_permissions_group_id_b120cbf9_fk_auth_group_id; Type: FK CONSTRAINT; Schema: public; Owner: admin
--

ALTER TABLE ONLY public.auth_group_permissions
    ADD CONSTRAINT auth_group_permissions_group_id_b120cbf9_fk_auth_group_id FOREIGN KEY (group_id) REFERENCES public.auth_group(id) DEFERRABLE INITIALLY DEFERRED;


--
-- Name: auth_permission auth_permission_content_type_id_2f476e4b_fk_django_co; Type: FK CONSTRAINT; Schema: public; Owner: admin
--

ALTER TABLE ONLY public.auth_permission
    ADD CONSTRAINT auth_permission_content_type_id_2f476e4b_fk_django_co FOREIGN KEY (content_type_id) REFERENCES public.django_content_type(id) DEFERRABLE INITIALLY DEFERRED;


--
-- Name: django_admin_log django_admin_log_content_type_id_c4bce8eb_fk_django_co; Type: FK CONSTRAINT; Schema: public; Owner: admin
--

ALTER TABLE ONLY public.django_admin_log
    ADD CONSTRAINT django_admin_log_content_type_id_c4bce8eb_fk_django_co FOREIGN KEY (content_type_id) REFERENCES public.django_content_type(id) DEFERRABLE INITIALLY DEFERRED;


--
-- Name: django_admin_log django_admin_log_user_id_c564eba6_fk_Users_user_id; Type: FK CONSTRAINT; Schema: public; Owner: admin
--

ALTER TABLE ONLY public.django_admin_log
    ADD CONSTRAINT "django_admin_log_user_id_c564eba6_fk_Users_user_id" FOREIGN KEY (user_id) REFERENCES public."Users_user"(id) DEFERRABLE INITIALLY DEFERRED;


--
-- PostgreSQL database dump complete
--

